Date,1W,1M,3M,6M,12M
2024-05-01,3.802,3.873,3.825,3.795,3.696
2024-05-02,3.858,3.877,3.853,3.828,3.728
2024-05-03,3.893,3.865,3.827,3.802,3.693
2024-05-06,3.886,3.852,3.824,3.791,3.658
2024-05-07,3.868,3.875,3.788,3.802,3.647
2024-05-08,3.882,3.87,3.814,3.795,3.642
2024-05-09,3.878,3.862,3.806,3.802,3.628
2024-05-10,3.892,3.856,3.818,3.789,3.629
2024-05-13,3.895,3.828,3.828,3.8,3.654
2024-05-14,3.888,3.838,3.824,3.799,3.638
2024-05-15,3.872,3.83,3.816,3.798,3.679
2024-05-16,3.885,3.817,3.826,3.795,3.65
2024-05-17,3.875,3.799,3.83,3.791,3.645
2024-05-20,3.883,3.807,3.822,3.787,3.673
2024-05-21,3.894,3.785,3.823,3.784,3.68
2024-05-22,3.893,3.797,3.819,3.784,3.67
2024-05-23,3.875,3.805,3.801,3.783,3.702
2024-05-24,3.881,3.792,3.808,3.78,3.729
2024-05-27,3.863,3.792,3.8,3.775,3.74
2024-05-28,3.879,3.764,3.785,3.749,3.722
2024-05-29,3.869,3.772,3.794,3.768,3.716
2024-05-30,3.892,3.75,3.788,3.759,3.729
2024-05-31,3.889,3.717,3.785,3.745,3.711
2024-06-03,3.828,3.69,3.782,3.755,3.722
2024-06-04,3.83,3.666,3.772,3.756,3.715
2024-06-05,3.812,3.676,3.752,3.738,3.69
2024-06-06,3.848,3.688,3.755,3.744,3.684
2024-06-07,3.794,3.679,3.759,3.735,3.701
2024-06-10,3.716,3.654,3.743,3.748,3.725
2024-06-11,3.717,3.613,3.739,3.751,3.728
2024-06-12,3.65,3.63,3.72,3.748,3.719
2024-06-13,3.615,3.599,3.719,3.743,3.678
2024-06-14,3.626,3.579,3.715,3.735,3.672
2024-06-17,3.641,3.602,3.711,3.711,3.628
2024-06-18,3.612,3.606,3.717,3.695,3.6
2024-06-19,3.59,3.608,3.712,3.695,3.613
2024-06-20,3.648,3.598,3.7,3.689,3.608
2024-06-21,3.622,3.6,3.686,3.691,3.622
2024-06-24,3.619,3.622,3.682,3.661,3.58
2024-06-25,3.616,3.642,3.698,3.671,3.578
2024-06-26,3.607,3.646,3.722,3.672,3.576
2024-06-27,3.618,3.664,3.695,3.678,3.575
2024-06-28,3.612,3.632,3.711,3.682,3.578
2024-07-01,3.641,3.655,3.709,3.678,3.567
2024-07-02,3.63,3.654,3.714,3.676,3.589
2024-07-03,3.608,3.635,3.705,3.678,3.596
2024-07-04,3.608,3.624,3.708,3.683,3.592
2024-07-05,3.607,3.635,3.712,3.678,3.588
2024-07-08,3.605,3.628,3.699,3.675,3.599
2024-07-09,3.608,3.615,3.708,3.668,3.593
2024-07-10,3.608,3.598,3.704,3.683,3.602
2024-07-11,3.609,3.611,3.685,3.676,3.595
2024-07-12,3.61,3.625,3.664,3.662,3.564
2024-07-15,3.595,3.572,3.662,3.635,3.522
2024-07-16,3.589,3.583,3.674,3.634,3.506
2024-07-17,3.597,3.601,3.678,3.62,3.503
2024-07-18,3.626,3.633,3.688,3.624,3.503
2024-07-19,3.622,3.626,3.698,3.633,3.502
2024-07-22,3.612,3.63,3.705,3.641,3.511
2024-07-23,3.579,3.618,3.685,3.642,3.508
2024-07-24,3.579,3.598,3.698,3.652,3.528
2024-07-25,3.624,3.604,3.686,3.619,3.481
2024-07-26,3.642,3.621,3.655,3.591,3.426
2024-07-29,3.595,3.596,3.636,3.59,3.425
2024-07-30,3.643,3.611,3.631,3.585,3.406
2024-07-31,3.607,3.63,3.647,3.579,3.39
2024-08-01,3.642,3.606,3.638,3.563,3.349
2024-08-02,3.645,3.611,3.623,3.553,3.32
2024-08-05,3.62,3.569,3.584,3.494,3.238
2024-08-06,3.628,3.558,3.523,3.397,3.138
2024-08-07,3.626,3.594,3.569,3.462,3.192
2024-08-08,3.619,3.592,3.577,3.488,3.202
2024-08-09,3.642,3.618,3.557,3.437,3.176
2024-08-12,3.63,3.625,3.548,3.445,3.191
2024-08-13,3.649,3.635,3.542,3.441,3.18
2024-08-14,3.609,3.606,3.542,3.398,3.148
2024-08-15,3.605,3.599,3.549,3.375,3.117
2024-08-16,3.621,3.595,3.56,3.367,3.139
2024-08-19,3.652,3.584,3.551,3.408,3.183
2024-08-20,3.628,3.587,3.538,3.407,3.159
2024-08-21,3.605,3.596,3.542,3.41,3.162
2024-08-22,3.625,3.608,3.541,3.408,3.133
2024-08-23,3.635,3.595,3.525,3.382,3.102
2024-08-26,3.631,3.583,3.523,3.401,3.116
2024-08-27,3.622,3.584,3.515,3.385,3.095
2024-08-28,3.609,3.592,3.505,3.391,3.119
2024-08-29,3.606,3.602,3.505,3.376,3.108
2024-08-30,3.623,3.589,3.49,3.36,3.088
2024-09-02,3.608,3.588,3.469,3.351,3.072
2024-09-03,3.619,3.561,3.458,3.381,3.113
2024-09-04,3.602,3.536,3.449,3.379,3.094
2024-09-05,3.614,3.542,3.47,3.364,3.053
2024-09-06,3.608,3.521,3.468,3.346,3.025
2024-09-09,3.628,3.51,3.462,3.307,2.986
2024-09-10,3.64,3.489,3.46,3.293,2.97
2024-09-11,3.587,3.444,3.467,3.276,2.96
2024-09-12,3.602,3.436,3.481,3.265,2.929
2024-09-13,3.518,3.405,3.472,3.271,2.948
2024-09-16,3.492,3.412,3.488,3.285,2.975
2024-09-17,3.442,3.414,3.48,3.268,2.948
2024-09-18,3.42,3.398,3.458,3.239,2.921
2024-09-19,3.363,3.395,3.455,3.223,2.936
2024-09-20,3.351,3.374,3.436,3.184,2.918
2024-09-23,3.362,3.346,3.431,3.212,2.902
2024-09-24,3.382,3.358,3.402,3.196,2.858
2024-09-25,3.355,3.375,3.352,3.155,2.776
2024-09-26,3.367,3.378,3.345,3.162,2.755
2024-09-27,3.369,3.365,3.326,3.152,2.771
2024-09-30,3.383,3.353,3.279,3.105,2.747
2024-10-01,3.328,3.33,3.252,3.092,2.749
2024-10-02,3.348,3.329,3.246,3.092,2.745
2024-10-03,3.39,3.293,3.238,3.071,2.712
2024-10-04,3.395,3.27,3.25,3.046,2.688
2024-10-07,3.391,3.282,3.268,3.048,2.712
2024-10-08,3.392,3.272,3.265,3.058,2.798
2024-10-09,3.402,3.256,3.223,3.047,2.792
2024-10-10,3.382,3.255,3.184,3.055,2.791
2024-10-11,3.408,3.245,3.179,3.064,2.822
2024-10-14,3.4,3.258,3.205,3.062,2.799
2024-10-15,3.405,3.235,3.215,3.057,2.766
2024-10-16,3.34,3.207,3.208,3.047,2.743
2024-10-17,3.366,3.174,3.219,3.036,2.717
2024-10-18,3.339,3.147,3.201,3.028,2.709
2024-10-21,3.345,3.145,3.138,2.972,2.63
2024-10-22,3.29,3.131,3.098,2.954,2.622
2024-10-23,3.26,3.105,3.086,2.972,2.674
2024-10-24,3.165,3.102,3.072,2.92,2.614
2024-10-25,3.149,3.127,3.059,2.894,2.565
2024-10-28,3.171,3.152,3.052,2.905,2.58
2024-10-29,3.152,3.146,3.056,2.886,2.577
2024-10-30,3.144,3.13,3.056,2.867,2.548
2024-10-31,3.116,3.135,3.062,2.864,2.547
2024-11-01,3.131,3.119,3.085,2.912,2.629
2024-11-04,3.129,3.128,3.075,2.916,2.619
2024-11-05,3.142,3.092,3.057,2.923,2.63
2024-11-06,3.145,3.102,3.049,2.916,2.642
2024-11-07,3.134,3.095,3.032,2.858,2.563
2024-11-08,3.135,3.087,3.032,2.822,2.534
2024-11-11,3.148,3.08,3.04,2.831,2.528
2024-11-12,3.145,3.088,3.034,2.797,2.502
2024-11-13,3.147,3.099,3.023,2.779,2.495
2024-11-14,3.167,3.083,3.005,2.765,2.494
2024-11-15,3.172,3.062,2.998,2.748,2.475
2024-11-18,3.173,3.043,3.004,2.735,2.432
2024-11-19,3.142,3.035,3.013,2.743,2.448
2024-11-20,3.157,3.045,3.0,2.761,2.465
2024-11-21,3.141,3.079,3.005,2.778,2.491
2024-11-22,3.138,3.075,3.022,2.77,2.489
2024-11-25,3.166,3.078,2.985,2.711,2.416
2024-11-26,3.163,3.002,2.898,2.676,2.393
2024-11-27,3.163,2.977,2.912,2.694,2.448
2024-11-28,3.152,3.022,2.939,2.708,2.463
2024-11-29,3.128,3.004,2.934,2.695,2.461
2024-12-02,3.16,2.987,2.924,2.675,2.431
2024-12-03,3.116,3.002,2.879,2.634,2.356
2024-12-04,3.102,3.025,2.877,2.625,2.348
2024-12-05,3.136,3.027,2.881,2.642,2.388
2024-12-06,3.142,3.005,2.868,2.654,2.399
2024-12-09,3.159,2.944,2.862,2.661,2.45
2024-12-10,3.138,2.887,2.872,2.655,2.439
2024-12-11,3.09,2.889,2.888,2.654,2.429
2024-12-12,3.112,2.902,2.886,2.656,2.421
2024-12-13,3.076,2.871,2.843,2.639,2.405
2024-12-16,3.095,2.845,2.863,2.655,2.443
2024-12-17,3.04,2.775,2.865,2.664,2.474
2024-12-18,2.945,2.762,2.852,2.652,2.474
2024-12-19,2.895,2.795,2.839,2.637,2.469
2024-12-20,2.862,2.801,2.772,2.624,2.484
2024-12-23,2.857,2.846,2.731,2.612,2.461
2024-12-24,2.878,2.863,2.715,2.597,2.471
2024-12-27,2.935,2.863,2.683,2.577,2.465
2024-12-30,2.912,2.867,2.678,2.562,2.454
2024-12-31,2.924,2.845,2.714,2.568,2.46
2025-01-02,2.911,2.785,2.736,2.562,2.448
2025-01-03,2.901,2.792,2.731,2.554,2.448
2025-01-06,2.898,2.835,2.757,2.585,2.487
2025-01-07,2.88,2.84,2.785,2.631,2.556
2025-01-08,2.875,2.862,2.782,2.639,2.561
2025-01-09,2.904,2.883,2.789,2.649,2.553
2025-01-10,2.925,2.839,2.766,2.641,2.564
2025-01-13,2.915,2.85,2.785,2.655,2.576
2025-01-14,2.926,2.852,2.761,2.685,2.612
2025-01-15,2.916,2.843,2.748,2.657,2.559
2025-01-16,2.916,2.824,2.744,2.668,2.563
2025-01-17,2.915,2.798,2.704,2.642,2.524
2025-01-20,2.921,2.785,2.677,2.619,2.483
2025-01-21,2.909,2.774,2.681,2.606,2.489
2025-01-22,2.921,2.776,2.671,2.585,2.493
2025-01-23,2.925,2.755,2.673,2.586,2.493
2025-01-24,2.913,2.735,2.641,2.581,2.499
2025-01-27,2.903,2.735,2.641,2.6,2.528
2025-01-28,2.882,2.744,2.615,2.591,2.534
2025-01-29,2.856,2.725,2.612,2.598,2.535
2025-01-30,2.849,2.729,2.606,2.593,2.531
2025-01-31,2.801,2.66,2.589,2.59,2.519
2025-02-03,2.787,2.644,2.562,2.536,2.436
2025-02-04,2.722,2.614,2.541,2.475,2.35
2025-02-05,2.735,2.616,2.529,2.476,2.369
2025-02-06,2.694,2.655,2.535,2.466,2.354
2025-02-07,2.694,2.646,2.527,2.468,2.384
2025-02-10,2.666,2.653,2.526,2.468,2.372
2025-02-11,2.661,2.615,2.539,2.481,2.374
2025-02-12,2.658,2.616,2.553,2.486,2.37
2025-02-13,2.643,2.619,2.556,2.507,2.417
2025-02-14,2.613,2.604,2.522,2.514,2.438
2025-02-17,2.639,2.616,2.51,2.489,2.424
2025-02-18,2.668,2.624,2.516,2.484,2.444
2025-02-19,2.652,2.641,2.529,2.474,2.447
2025-02-20,2.634,2.653,2.534,2.46,2.446
2025-02-21,2.641,2.595,2.521,2.447,2.463
2025-02-24,2.63,2.6,2.521,2.421,2.431
2025-02-25,2.649,2.565,2.53,2.407,2.417
2025-02-26,2.641,2.55,2.499,2.389,2.4
2025-02-27,2.628,2.526,2.485,2.389,2.409
2025-02-28,2.607,2.463,2.464,2.355,2.394
2025-03-03,2.622,2.466,2.464,2.331,2.365
2025-03-04,2.649,2.471,2.491,2.342,2.381
2025-03-05,2.624,2.494,2.504,2.353,2.392
2025-03-06,2.624,2.481,2.511,2.394,2.448
2025-03-07,2.561,2.456,2.529,2.408,2.481
2025-03-10,2.562,2.471,2.547,2.39,2.461
2025-03-11,2.532,2.446,2.553,2.393,2.449
2025-03-12,2.418,2.392,2.527,2.372,2.431
2025-03-13,2.425,2.368,2.501,2.386,2.451
2025-03-14,2.424,2.379,2.478,2.415,2.451
2025-03-17,2.421,2.386,2.456,2.422,2.439
2025-03-18,2.413,2.363,2.426,2.422,2.416
2025-03-19,2.401,2.389,2.411,2.421,2.406
2025-03-20,2.406,2.373,2.387,2.411,2.379
2025-03-21,2.404,2.374,2.386,2.404,2.371
2025-03-24,2.386,2.34,2.367,2.399,2.366
2025-03-25,2.408,2.349,2.365,2.386,2.354
2025-03-26,2.428,2.358,2.369,2.375,2.346
2025-03-27,2.405,2.363,2.355,2.379,2.349
2025-03-28,2.401,2.344,2.328,2.354,2.324
2025-03-31,2.388,2.358,2.336,2.336,2.306
2025-04-01,2.39,2.349,2.324,2.309,2.277
2025-04-02,2.394,2.36,2.356,2.32,2.326
2025-04-03,2.407,2.357,2.349,2.303,2.311
2025-04-04,2.414,2.341,2.323,2.259,2.235
2025-04-07,2.406,2.347,2.362,2.275,2.21
2025-04-08,2.417,2.327,2.293,2.193,2.107
2025-04-09,2.389,2.328,2.301,2.231,2.156
2025-04-10,2.383,2.351,2.265,2.19,2.099
2025-04-11,2.389,2.304,2.279,2.244,2.167
2025-04-14,2.356,2.252,2.252,2.212,2.126
2025-04-15,2.362,2.207,2.263,2.214,2.126
2025-04-16,2.366,2.199,2.236,2.194,2.132
2025-04-17,2.307,2.134,2.183,2.154,2.104
2025-04-22,2.318,2.101,2.191,2.173,2.128
2025-04-23,2.224,2.134,2.158,2.104,2.022
2025-04-24,2.189,2.147,2.161,2.134,2.069
2025-04-25,2.169,2.139,2.174,2.141,2.082
2025-04-28,2.151,2.151,2.186,2.124,2.066
2025-04-29,2.136,2.16,2.176,2.131,2.076
2025-04-30,2.157,2.165,2.156,2.129,2.049
2025-05-02,2.144,2.149,2.142,2.143,2.045
2025-05-05,2.162,2.123,2.151,2.151,2.039
2025-05-06,2.17,2.144,2.143,2.145,2.045
2025-05-07,2.168,2.171,2.15,2.146,2.039
2025-05-08,2.174,2.131,2.138,2.134,2.036
2025-05-09,2.156,2.114,2.124,2.111,2.024
2025-05-12,2.181,2.123,2.139,2.121,2.067
2025-05-13,2.168,2.126,2.143,2.131,2.107
2025-05-14,2.162,2.132,2.142,2.156,2.16
2025-05-15,2.159,2.12,2.127,2.161,2.161
2025-05-16,2.15,2.089,2.101,2.156,2.142
2025-05-19,2.151,2.101,2.075,2.12,2.094
2025-05-20,2.141,2.064,2.06,2.121,2.095
2025-05-21,2.136,2.053,2.046,2.113,2.084
2025-05-22,2.149,2.088,2.049,2.118,2.104
2025-05-23,2.145,2.089,2.04,2.101,2.096
2025-05-26,2.118,2.096,2.039,2.089,2.082
2025-05-27,2.161,2.063,2.021,2.056,2.056
2025-05-28,2.148,2.009,2.011,2.042,2.056
2025-05-29,2.173,1.991,1.996,2.056,2.07
2025-05-30,2.204,1.996,1.995,2.069,2.09
2025-06-02,2.181,1.984,1.979,2.063,2.057
2025-06-03,2.189,1.947,1.971,2.074,2.07
2025-06-04,2.149,1.954,1.96,2.064,2.051
2025-06-05,2.141,1.964,1.954,2.046,2.044
2025-06-06,2.107,1.972,1.959,2.036,2.041
2025-06-09,2.109,1.962,1.955,2.053,2.088
2025-06-10,2.116,1.961,1.954,2.044,2.086
2025-06-11,1.989,1.914,1.953,2.049,2.09
2025-06-12,1.944,1.892,1.975,2.052,2.09
2025-06-13,1.901,1.917,2.004,2.056,2.084
2025-06-16,1.925,1.911,2.001,2.054,2.084
2025-06-17,1.919,1.897,2.023,2.071,2.111
2025-06-18,1.908,1.876,2.014,2.061,2.099
2025-06-19,1.908,1.899,2.036,2.05,2.109
2025-06-20,1.906,1.871,2.034,2.035,2.101
2025-06-23,1.897,1.889,2.031,2.036,2.093
2025-06-24,1.92,1.934,1.997,2.041,2.11
2025-06-25,1.914,1.976,1.993,2.036,2.084
2025-06-26,1.911,1.929,1.98,2.037,2.073
2025-06-27,1.923,1.916,1.939,2.036,2.062
2025-06-30,1.911,1.934,1.944,2.049,2.072
2025-07-01,1.902,1.906,1.961,2.051,2.07
2025-07-02,1.924,1.889,1.958,2.033,2.055
2025-07-03,1.913,1.874,1.937,2.031,2.062
2025-07-04,1.936,1.874,1.979,2.026,2.066
2025-07-07,1.911,1.889,1.944,2.016,2.044
2025-07-08,1.907,1.916,1.948,2.019,2.049
2025-07-09,1.931,1.925,1.969,2.051,2.083
2025-07-10,1.916,1.926,2.001,2.07,2.089
2025-07-11,1.897,1.913,2.026,2.072,2.089
2025-07-14,1.914,1.874,2.041,2.087,2.114
2025-07-15,1.905,1.846,2.042,2.079,2.108
2025-07-16,1.908,1.881,2.021,2.069,2.089
2025-07-17,1.9,1.895,2.024,2.069,2.087
2025-07-18,1.909,1.883,1.995,2.049,2.065
2025-07-21,1.884,1.885,1.971,2.051,2.078
2025-07-22,1.909,1.904,1.944,2.032,2.05
2025-07-23,1.887,1.912,1.939,2.034,2.038
2025-07-24,1.874,1.902,1.948,2.037,2.036
2025-07-25,1.892,1.876,1.971,2.053,2.058
2025-07-28,1.911,1.881,2.016,2.101,2.131
2025-07-29,1.926,1.901,2.026,2.083,2.116
2025-07-30,1.919,1.884,2.017,2.085,2.116
2025-07-31,1.885,1.886,2.008,2.075,2.126
2025-08-01,1.866,1.893,1.994,2.07,2.147
2025-08-04,1.87,1.911,1.994,2.077,2.156
2025-08-05,1.879,1.911,1.973,2.075,2.129
2025-08-06,1.9,1.912,1.984,2.089,2.118
2025-08-07,1.896,1.892,2.003,2.087,2.122
2025-08-08,1.884,1.9,2.019,2.083,2.121
2025-08-11,1.896,1.904,2.029,2.085,2.132
2025-08-12,1.886,1.866,2.029,2.098,2.142
2025-08-13,1.908,1.844,2.036,2.1,2.136
2025-08-14,1.894,1.874,2.034,2.112,2.116
2025-08-15,1.882,1.901,2.026,2.111,2.092
2025-08-18,1.907,1.921,2.028,2.111,2.084
2025-08-19,1.886,1.917,2.034,2.109,2.081
2025-08-20,1.899,1.911,2.034,2.093,2.084
2025-08-21,1.909,1.893,2.026,2.077,2.084
2025-08-22,1.899,1.889,2.017,2.057,2.084
2025-08-25,1.9,1.881,2.021,2.07,2.113
2025-08-26,1.906,1.881,2.022,2.064,2.116
2025-08-27,1.936,1.867,2.032,2.062,2.101
2025-08-28,1.908,1.863,2.047,2.069,2.115
2025-08-29,1.887,1.859,2.061,2.074,2.119
2025-09-01,1.852,1.875,2.074,2.086,2.148
2025-09-02,1.874,1.898,2.075,2.089,2.162
2025-09-03,1.912,1.891,2.076,2.099,2.191
2025-09-04,1.909,1.872,2.078,2.103,2.19
2025-09-05,1.906,1.88,2.053,2.1,2.178
2025-09-08,1.879,1.886,2.034,2.105,2.184
2025-09-09,1.881,1.901,2.029,2.106,2.169
2025-09-10,1.885,1.893,2.029,2.114,2.16
2025-09-11,1.901,1.877,2.014,2.119,2.168
2025-09-12,1.909,1.879,2.0,2.108,2.167
2025-09-15,1.877,1.88,2.033,2.101,2.183
2025-09-16,1.887,1.909,2.015,2.087,2.165
2025-09-17,1.916,1.923,2.024,2.083,2.164
2025-09-18,1.937,1.93,2.029,2.098,2.16
2025-09-19,1.905,1.909,2.016,2.107,2.154
2025-09-22,1.889,1.908,2.004,2.109,2.159
2025-09-23,1.899,1.87,1.996,2.097,2.16
2025-09-24,1.907,1.889,1.993,2.103,2.171
2025-09-25,1.903,1.896,1.98,2.109,2.179
2025-09-26,1.916,1.913,2.0,2.123,2.179
2025-09-29,1.901,1.931,2.016,2.109,2.189
2025-09-30,1.92,1.929,2.032,2.096,2.193
2025-10-01,1.914,1.909,2.017,2.079,2.204
2025-10-02,1.911,1.926,2.0,2.083,2.224
2025-10-03,1.895,1.939,2.02,2.095,2.224
2025-10-06,1.894,1.92,2.026,2.103,2.226
2025-10-07,1.898,1.897,2.029,2.106,2.223
2025-10-08,1.92,1.918,2.019,2.103,2.216
2025-10-09,1.926,1.926,2.025,2.104,2.209
2025-10-10,1.919,1.92,2.009,2.099,2.202
2025-10-13,1.899,1.891,2.026,2.103,2.201
2025-10-14,1.929,1.897,2.021,2.106,2.182
2025-10-15,1.931,1.906,2.016,2.103,2.163
2025-10-16,1.936,1.922,2.004,2.11,2.166
2025-10-17,1.924,1.919,2.01,2.113,2.164
2025-10-20,1.913,1.931,2.015,2.1,2.139
2025-10-21,1.901,1.904,2.038,2.11,2.157
2025-10-22,1.906,1.89,2.066,2.099,2.156
2025-10-23,1.919,1.87,2.065,2.099,2.156
2025-10-24,1.903,1.857,2.072,2.104,2.159
2025-10-27,1.929,1.886,2.084,2.124,2.175
2025-10-28,1.924,1.895,2.074,2.126,2.195
2025-10-29,1.926,1.893,2.066,2.123,2.185
2025-10-30,1.916,1.911,2.05,2.127,2.186
2025-10-31,1.921,1.917,2.04,2.138,2.196
2025-11-03,1.921,1.914,2.023,2.142,2.199
2025-11-04,1.914,1.881,2.014,2.134,2.206
2025-11-05,1.916,1.865,1.99,2.13,2.212
2025-11-06,1.906,1.859,1.998,2.129,2.211
2025-11-07,1.902,1.891,2.009,2.124,2.212
2025-11-10,1.939,1.902,2.005,2.123,2.211
2025-11-11,1.934,1.892,2.032,2.127,2.216
2025-11-12,1.918,1.871,2.048,2.139,2.224
2025-11-13,1.883,1.876,2.064,2.146,2.234
2025-11-14,1.905,1.894,2.069,2.141,2.235
2025-11-17,1.908,1.905,2.048,2.141,2.235
2025-11-18,1.911,1.899,2.051,2.155,2.233
2025-11-19,1.911,1.918,2.066,2.149,2.229
2025-11-20,1.929,1.922,2.054,2.134,2.221
2025-11-21,1.921,1.926,2.047,2.123,2.22
2025-11-24,1.92,1.914,2.059,2.12,2.209
2025-11-25,1.939,1.926,2.066,2.121,2.206
2025-11-26,1.903,1.96,2.069,2.117,2.206
2025-11-27,1.904,1.951,2.061,2.115,2.21
2025-11-28,1.891,1.946,2.06,2.11,2.209
2025-12-01,1.929,1.961,2.06,2.123,2.227
2025-12-02,1.92,1.896,2.043,2.121,2.244
2025-12-03,1.895,1.886,2.029,2.113,2.251
2025-12-04,1.919,1.912,2.055,2.126,2.254
2025-12-05,1.934,1.911,2.075,2.147,2.254
2025-12-08,1.964,1.904,2.069,2.15,2.246
2025-12-09,1.934,1.915,2.088,2.168,2.268
2025-12-10,1.925,1.906,2.082,2.165,2.284
2025-12-11,1.919,1.935,2.1,2.172,2.298
2025-12-12,1.914,1.934,2.082,2.17,2.294
2025-12-15,1.903,1.929,2.072,2.168,2.31
2025-12-16,1.923,1.943,2.057,2.164,2.315
2025-12-17,1.909,1.931,2.049,2.144,2.291
2025-12-18,1.926,1.921,2.035,2.134,2.264
2025-12-19,1.917,1.908,2.002,2.126,2.266
2025-12-22,1.909,1.903,2.022,2.134,2.269
2025-12-23,1.912,1.894,2.018,2.131,2.265
2025-12-29,1.904,1.901,2.019,2.124,2.258
2025-12-30,1.912,1.912,2.016,2.123,2.25
2025-12-31,1.899,1.939,2.026,2.107,2.243
2026-01-01,1.899,1.939,2.026,2.107,2.243
2026-01-02,1.891,1.953,2.029,2.105,2.245
2026-01-05,1.888,1.976,2.034,2.104,2.255
2026-01-06,1.899,1.938,2.026,2.104,2.261
2026-01-07,1.88,1.941,2.032,2.103,2.259
2026-01-08,1.904,1.96,2.031,2.114,2.247
2026-01-09,1.893,1.971,2.019,2.116,2.251
2026-01-12,1.903,1.989,2.02,2.13,2.249
2026-01-13,1.907,1.944,2.016,2.143,2.25
2026-01-14,1.878,1.94,2.016,2.146,2.251
2026-01-15,1.89,1.969,2.026,2.141,2.253
2026-01-16,1.886,1.985,2.033,2.143,2.248
2026-01-19,1.885,1.958,2.029,2.155,2.259
2026-01-20,1.897,1.981,2.027,2.151,2.236
2026-01-21,1.891,1.956,2.034,2.156,2.228
2026-01-22,1.915,1.967,2.03,2.149,2.216
2026-01-23,1.881,1.959,2.038,2.157,2.243
2026-01-26,1.858,1.939,2.038,2.156,2.247
2026-01-27,1.904,1.944,2.039,2.154,2.249
2026-01-28,1.889,1.954,2.026,2.149,2.246
2026-01-29,1.926,1.984,2.02,2.146,2.228
2026-01-30,1.931,1.968,2.031,2.158,2.226
2026-02-02,1.904,1.959,2.022,2.154,2.218
2026-02-03,1.9,1.956,2.029,2.161,2.225
2026-02-04,1.888,1.948,2.04,2.171,2.234
2026-02-05,1.906,1.953,2.02,2.172,2.225
2026-02-06,1.896,1.972,1.999,2.152,2.227
2026-02-09,1.878,1.969,1.982,2.132,2.222
2026-02-10,1.881,1.976,1.981,2.114,2.227
2026-02-11,1.889,1.994,1.994,2.108,2.231
2026-02-12,1.896,1.968,1.984,2.131,2.246
2026-02-13,1.907,1.951,1.999,2.147,2.248
2026-02-16,1.885,1.947,1.999,2.155,2.236
2026-02-17,1.898,1.932,2.011,2.159,2.216
2026-02-18,1.901,1.921,2.006,2.141,2.198
2026-02-19,1.913,1.93,2.024,2.137,2.198
2026-02-20,1.884,1.942,2.024,2.141,2.205
2026-02-23,1.869,1.96,2.034,2.145,2.205
2026-02-24,1.874,1.942,2.041,2.149,2.206
2026-02-25,1.864,1.928,2.011,2.139,2.208
2026-02-26,1.895,1.954,2.013,2.134,2.217
2026-02-27,1.876,1.943,2.013,2.128,2.222
2026-03-02,1.889,1.937,2.026,2.131,2.229
2026-03-03,1.882,1.925,2.035,2.12,2.232
2026-03-04,1.889,1.948,2.056,2.135,2.307
2026-03-05,1.921,1.955,2.046,2.136,2.316
2026-03-06,1.898,1.94,2.049,2.139,2.323
